baseline,seed,precision_at_k,recall_at_k,f1_at_k,ndcg_at_k
Popularity,,0.004341133004926109,0.021132662835249037,0.007096522798493242,0.011600243830167547
Random,0,0.004669540229885058,0.02333914887794198,0.007664817393881434,0.012802931180870796
Random,1,0.004874794745484401,0.024262794198139023,0.007993716737559102,0.013390091992738232
Random,2,0.004279556650246306,0.021295155993431854,0.007017647103854,0.012182821155137578
Random,3,0.004874794745484401,0.024801587301587297,0.008013162261930735,0.013434537910111788
Random,4,0.00470032840722496,0.023664135194307608,0.007723991252316376,0.013720450119261252
Random,5,0.004433497536945813,0.022141830870279145,0.007275821469171223,0.01206389718462931
Random,6,0.0047413793103448275,0.023227969348659002,0.007765069495365061,0.012833801358759568
Random,7,0.004720853858784894,0.023612821565407772,0.007740634433984188,0.013184946208907216
Random,8,0.004474548440065682,0.02230432402846196,0.007340907587213006,0.012345870849918858
Random,9,0.004638752052545156,0.022988505747126433,0.007609778699680178,0.01274155732689025
Random,10,0.004885057471264367,0.024690407772304322,0.008027806211303749,0.013329422334946705
Random,11,0.0049158456486042695,0.025126573617952928,0.008097967303632329,0.013791893810260459
Random,12,0.00480295566502463,0.024408182813355224,0.007897975724330404,0.013176819369297354
Random,13,0.004659277504105091,0.023176655719759166,0.007648686835878954,0.013016628876801791
Random,14,0.004546387520525452,0.022714833059660645,0.007456982672499915,0.012504933881797227
Random,15,0.004638752052545156,0.023330596606458677,0.007607899079573956,0.01311260831180121
Random,16,0.004710591133004927,0.02309968527640941,0.00771722461993398,0.012630455734429601
Random,17,0.00520320197044335,0.02563115763546798,0.008514713256092566,0.014426548594310994
Random,18,0.004423234811165846,0.021987889983579634,0.007263723550669363,0.012242532471329764
Random,19,0.004710591133004926,0.0233648056923919,0.007726127184255265,0.012858824840489466
Random (mean of 20 seeds),,0.004695197044334977,0.023458453065134104,0.00770523264365629,0.012989578675634472
Random (SD across seeds),,0.00020731026950354575,0.0011102966831421964,0.000340617683013257,0.0005976929632751927
Random (analytical expectation),,0.0047185408788926846,0.023532974857925996,,
