baseline,metric,mean,sd_across_users,ci95_low,ci95_high,sd_of_mean_across_seeds
Popularity,precision_at_k,0.004341133004926109,0.02082751279737478,0.003927586034406727,0.00475467997544549,
Popularity,recall_at_k,0.021132662835249037,0.10734423303023637,0.019001256997007217,0.023264068673490856,
Popularity,f1_at_k,0.007096522798493242,0.03404247768100087,0.006420582101641236,0.007772463495345248,
Popularity,ndcg_at_k,0.011600243830167547,0.06259448016917586,0.01035738022484733,0.012843107435487765,
Random (user values averaged over 20 seeds),precision_at_k,0.004695197044334976,0.005074572046544989,0.004594437346480149,0.004795956742189802,
Random (user values averaged over 20 seeds),recall_at_k,0.023458453065134097,0.025798487947588027,0.02294620339622257,0.023970702734045623,
Random (user values averaged over 20 seeds),f1_at_k,0.007705232643656289,0.008227633229647669,0.007541866387216189,0.007868598900096389,
Random (user values averaged over 20 seeds),ndcg_at_k,0.012989578675634472,0.01511419522029811,0.01268947420776058,0.013289683143508363,
Random (avg over 20 seeds),precision_at_k,0.004695197044334977,0.021432778074404024,0.004269632046309804,0.005120762042360146,0.00020731026950354575
Random (avg over 20 seeds),recall_at_k,0.0234584530651341,0.11414990483143128,0.021191915155045076,0.02572499097522312,0.0011102966831421967
Random (avg over 20 seeds),f1_at_k,0.00770523264365629,0.0352027956623646,0.007006252902694675,0.008404212384617903,0.00034061768301325694
Random (avg over 20 seeds),ndcg_at_k,0.012989578675634472,0.06711834051337076,0.011656890194987305,0.014322267156281637,0.0005976929632751926
